run_id,mode,baseline_name,segment_id,segment_name,train.batches,train.train.loss,train.grad_norm,train.lr,train.rollout_mean_tokens,train.divergence,train.beta,train.active_adapter,eval.current_score,eval.seen_avg_score,eval.current_task_aware_score,eval.seen_avg_task_aware_score,eval.forgetting,eval.task_aware_forgetting,eval.num_seen_segments,eval.token_f1_mean,eval.lcs_overlap_mean,eval.rouge_l_mean,eval.bleu_mean,eval.slot_error_rate,eval.anytime_score,eval.anytime_task_aware_score,eval.task_aware_score_mean,routing.num_routed,routing.oracle_agreement_rate,routing.decision_confidence_mean,routing.decision_entropy_mean,routing.oracle_margin_mean,hook.active_adapter,active_adapter
20260820_174143_v1_opsd_instrdialogpp,baseline,opsd,0,task1549_wiqa_answer_generation_missing_step,25,0.04301752392202616,0.7414563209857502,0.00019999999999999998,6.38,jsd,0.5,default,0.5,0.5,0.5,0.5,0.0,0.0,1,0.8333333333333334,0.8333333333333334,0.8333333333333334,0.8149802624737182,0.0,0.5,0.5,0.5,0,0.0,0.0,0.0,0.0,default,default
20260820_174143_v1_opsd_instrdialogpp,baseline,opsd,1,task766_craigslist_bargains_classification,25,0.05110183552489616,0.82493509630687,0.00019999999999999998,2.0,jsd,0.5,default,0.8,0.75,0.8,0.75,0.0,0.0,2,0.85,0.85,0.85,0.8944940787421155,0.0,0.75,0.75,0.75,0,0.0,0.0,0.0,0.0,default,default
20260820_174143_v1_opsd_instrdialogpp,baseline,opsd,2,task1714_convai3_sentence_generation,25,0.1324305909872055,0.7323237242327219,0.00019999999999999998,17.58,jsd,0.5,default,0.0,0.2333333333333333,0.0,0.2333333333333333,0.4,0.4,3,0.3706205328135152,0.3728241203241204,0.36241346210644454,0.5114740324701632,0.0,0.2333333333333333,0.2333333333333333,0.23333333333333334,0,0.0,0.0,0.0,0.0,default,default
20260820_174143_v1_opsd_instrdialogpp,baseline,opsd,3,task611_mutual_multi_turn_dialogue,25,0.07560818046331405,0.8314223316283873,0.00019999999999999998,15.36,jsd,0.5,default,0.0,0.1,0.1,0.175,0.3666666666666667,0.3,4,0.24031756276607535,0.26446050477300476,0.236984229432742,0.3687599077534006,0.0,0.1,0.175,0.175,0,0.0,0.0,0.0,0.0,default,default
20260820_174143_v1_opsd_instrdialogpp,baseline,opsd,4,task927_yelp_negative_to_positive_style_transfer,100,0.08741704694926739,0.5687429163998156,0.0001999999999999999,14.145,jsd,0.5,default,0.0,0.12,0.0,0.13999999999999999,0.225,0.225,5,0.20272547825290457,0.21707101925851924,0.19812772465515094,0.2696942910009201,0.0,0.12,0.13999999999999999,0.0875,0,0.0,0.0,0.0,0.0,default,default
20260820_174143_v1_opsd_instrdialogpp,baseline,opsd,5,task1500_dstc3_classification,25,0.043403231631964447,0.9574900091409151,0.00019999999999999998,4.0,jsd,0.5,default,0.8,0.15,0.8,0.26666666666666666,0.27999999999999997,0.16,6,0.26152104840112794,0.26826237488002197,0.2584442573243369,0.32888993567207453,0.0,0.15,0.26666666666666666,0.17777777777777778,0,0.0,0.0,0.0,0.0,default,default
20260820_174143_v1_opsd_instrdialogpp,baseline,opsd,6,task459_matres_static_classification,25,0.019072055335855112,0.4054675463017086,0.00019999999999999998,2.0,jsd,0.5,default,0.2,0.09999999999999999,0.2,0.21428571428571425,0.3,0.18333333333333335,7,0.2214431961835515,0.22738636363636364,0.2178407508811062,0.33335719297145205,0.0,0.09999999999999999,0.21428571428571425,0.15,0,0.0,0.0,0.0,0.0,default,default
20260820_174143_v1_opsd_instrdialogpp,baseline,opsd,7,task379_agnews_topic_classification,25,0.0614744811214041,0.7768658768175939,0.00019999999999999998,2.52,jsd,0.5,default,0.5,0.2875,0.5,0.375,0.2285714285714286,0.14285714285714285,8,0.349802441049654,0.3554635931507589,0.3478261920734051,0.4451795179389496,0.0,0.2875,0.375,0.2727272727272727,0,0.0,0.0,0.0,0.0,default,default
20260820_174143_v1_opsd_instrdialogpp,baseline,opsd,8,task1590_diplomacy_text_generation,25,0.07132607460021972,0.43705694342191737,0.00019999999999999998,24.62,jsd,0.5,default,0.0,0.26666666666666666,0.0,0.2777777777777778,0.1875,0.1875,9,0.29443129317763617,0.3047766651491497,0.28977981840994527,0.3826396792393668,0.0,0.26666666666666666,0.2777777777777778,0.20833333333333334,0,0.0,0.0,0.0,0.0,default,default
20260820_174143_v1_opsd_instrdialogpp,baseline,opsd,9,task347_hybridqa_incorrect_answer_generation,25,0.07759105116128921,1.2540888722993713,0.00019999999999999998,5.28,jsd,0.5,default,0.0,0.16999999999999998,0.0,0.25,0.24444444444444446,0.1666666666666667,10,0.2480537562343927,0.25634916811774405,0.2429105053054275,0.36866412144284294,0.0,0.16999999999999998,0.25,0.19230769230769232,0,0.0,0.0,0.0,0.0,default,default
20260820_174143_v1_opsd_instrdialogpp,baseline,opsd,10,task639_multi_woz_user_utterance_generation,25,0.12115584999322891,0.6251701827491108,0.00019999999999999998,13.22,jsd,0.5,default,0.0,0.1818181818181818,0.0,0.1909090909090909,0.19000000000000003,0.19000000000000003,11,0.23253753204697847,0.2375219888286563,0.2295255249987702,0.359314417467917,0.0,0.1818181818181818,0.1909090909090909,0.15,0,0.0,0.0,0.0,0.0,default,default
20260820_174143_v1_opsd_instrdialogpp,baseline,opsd,11,task1360_numer_sense_multiple_choice_qa_generation,25,0.21548004873096943,2.1474289311518406,0.00019999999999999998,2.24,jsd,0.5,default,0.4,0.26666666666666666,0.4,0.31666666666666665,0.15454545454545457,0.1,12,0.3256046177230619,0.32341794396980156,0.32121053106676134,0.4383776881547725,0.0,0.26666666666666666,0.31666666666666665,0.25333333333333335,0,0.0,0.0,0.0,0.0,default,default
20260820_174143_v1_opsd_instrdialogpp,baseline,opsd,12,task1151_swap_max_min,25,0.020590595304965972,0.1573488429963537,0.00019999999999999998,61.46,jsd,0.5,default,0.0,0.20769230769230768,0.0,0.26153846153846155,0.18333333333333335,0.12500000000000003,13,0.3306815963503732,0.3245643809181444,0.3231331575482753,0.44282595065451974,0.0,0.20769230769230768,0.26153846153846155,0.2125,0,0.0,0.0,0.0,0.0,default,default
20260820_174143_v1_opsd_instrdialogpp,baseline,opsd,13,task301_record_question_generation,32,0.08011995616834611,0.4006480042222805,0.0001999999999999999,26.904761904761905,jsd,0.5,default,0.0,0.21428571428571427,0.0,0.24285714285714285,0.14615384615384613,0.1153846153846154,14,0.31604618180271116,0.30679829875970077,0.30561073052106486,0.3982949436987322,0.0,0.21428571428571427,0.24285714285714285,0.1878453038674033,0,0.0,0.0,0.0,0.0,default,default
20260820_174143_v1_opsd_instrdialogpp,baseline,opsd,14,task574_air_dialogue_sentence_generation,25,0.1170660451054573,0.9625674048681251,0.00019999999999999998,14.76,jsd,0.5,default,0.0,0.2,0.0,0.22666666666666666,0.1357142857142857,0.10714285714285716,15,0.29538168336277854,0.2926119945509995,0.2841987877764765,0.37354343922521155,0.0,0.2,0.22666666666666666,0.17801047120418848,0,0.0,0.0,0.0,0.0,default,default
20260820_174143_v1_opsd_instrdialogpp,baseline,opsd,15,task1501_dstc3_answer_generation,25,0.06547545783221721,0.912873973653506,0.00019999999999999998,2.02,jsd,0.5,default,0.7,0.1875,0.7,0.21875,0.18000000000000002,0.14666666666666667,16,0.2982921954344963,0.2887906409106584,0.28736419790323225,0.3900974710245438,0.0,0.1875,0.21875,0.17412935323383086,0,0.0,0.0,0.0,0.0,default,default
20260820_174143_v1_opsd_instrdialogpp,baseline,opsd,16,task1713_convai3_sentence_generation,25,0.08605533391237259,0.563336428005767,0.00019999999999999998,12.1,jsd,0.5,default,0.0,0.15294117647058822,0.0,0.19411764705882353,0.19999999999999998,0.15624999999999997,17,0.2818882427654272,0.2711167281714175,0.27040524693491863,0.3718983598449989,0.0,0.15294117647058822,0.19411764705882353,0.15639810426540285,0,0.0,0.0,0.0,0.0,default,default
20260820_174143_v1_opsd_instrdialogpp,baseline,opsd,17,task306_jeopardy_answer_generation_double,25,0.13182249456644057,1.227064858108653,0.00019999999999999998,5.76,jsd,0.5,default,0.4,0.1722222222222222,0.5,0.22777777777777775,0.18235294117647058,0.13529411764705881,18,0.3056366157389365,0.29377293154834067,0.29589922213079917,0.38852072172204516,0.0,0.1722222222222222,0.22777777777777775,0.18552036199095023,0,0.0,0.0,0.0,0.0,default,default
20260820_174143_v1_opsd_instrdialogpp,baseline,opsd,18,task298_storycloze_correct_end_classification,25,0.04230535582602897,1.4480169932066296,0.00019999999999999998,2.0,jsd,0.5,default,1.0,0.3,1.0,0.3473684210526315,0.08888888888888889,0.05555555555555555,19,0.40396411108777713,0.3980668427663355,0.3952649393738115,0.4503788726837322,0.0,0.3,0.3473684210526315,0.2857142857142857,0,0.0,0.0,0.0,0.0,default,default
20260820_174143_v1_opsd_instrdialogpp,baseline,opsd,19,task1730_personachat_choose_next,25,0.043984306864440444,0.6567445775020161,0.00019999999999999998,15.68,jsd,0.5,default,0.7,0.24,0.7,0.29000000000000004,0.16842105263157894,0.13157894736842105,20,0.35214914342947584,0.350760232789455,0.34303260613464764,0.40209220196834755,0.0,0.24,0.29000000000000004,0.24066390041493776,0,0.0,0.0,0.0,0.0,default,default
20260820_174143_v1_opsd_instrdialogpp,baseline,opsd,20,task864_asdiv_singleop_question_answering,25,0.03453363137785345,0.672089047909592,0.00019999999999999998,7.7,jsd,0.5,default,0.0,0.2523809523809524,0.0,0.2761904761904762,0.135,0.12500000000000003,21,0.34972907163976635,0.38415471001036683,0.3395417683569784,0.38766499273838606,0.0,0.2523809523809524,0.2761904761904762,0.23107569721115537,0,0.0,0.0,0.0,0.0,default,default
20260820_174143_v1_opsd_instrdialogpp,baseline,opsd,21,task294_storycommonsense_motiv_text_generation,29,0.11359957592754528,0.7935780135542705,0.00019999999999999993,8.052631578947368,jsd,0.5,default,0.16666666666666666,0.25303030303030305,0.16666666666666666,0.28484848484848485,0.12380952380952379,0.10476190476190476,22,0.3557302125114419,0.3837648513196577,0.34874297908776697,0.39503880894080007,0.0,0.25303030303030305,0.28484848484848485,0.23954372623574144,0,0.0,0.0,0.0,0.0,default,default
20260820_174143_v1_opsd_instrdialogpp,baseline,opsd,22,task573_air_dialogue_classification,25,0.02440268784703221,0.7590488986267117,0.00019999999999999998,2.72,jsd,0.5,default,1.0,0.3086956521739131,1.0,0.3601449275362319,0.11363636363636363,0.07727272727272728,23,0.4134890163399121,0.43452509331005945,0.4094116386638317,0.4555971082224569,0.0,0.3086956521739131,0.3601449275362319,0.3076923076923077,0,0.0,0.0,0.0,0.0,default,default
20260820_174143_v1_opsd_instrdialogpp,baseline,opsd,23,task082_babi_t1_single_supporting_fact_question_generation,77,0.01444565232649639,0.2550953517920568,0.0002000000000000002,5.0064935064935066,jsd,0.5,default,0.3125,0.2831597222222222,0.3125,0.3282986111111111,0.14347826086956522,0.11304347826086959,24,0.4379658900894737,0.45319152046596195,0.4326430946170976,0.47597237692953787,0.0,0.2831597222222222,0.3282986111111111,0.28524590163934427,0,0.0,0.0,0.0,0.0,default,default
20260820_174143_v1_opsd_instrdialogpp,baseline,opsd,24,task1729_personachat_generate_next,25,0.11142684057354928,0.6949251715294693,0.00019999999999999998,18.78,jsd,0.5,default,0.0,0.26849999999999996,0.0,0.3125,0.14097222222222225,0.1111111111111111,25,0.4179724197885929,0.43923393546335465,0.41114694626097265,0.45421336286849484,0.0,0.26849999999999996,0.3125,0.273015873015873,0,0.0,0.0,0.0,0.0,default,default
20260820_174143_v1_opsd_instrdialogpp,baseline,opsd,25,task1600_smcalflow_sentence_generation,25,0.1088483427464962,0.6641711503741311,0.00019999999999999998,12.16,jsd,0.5,default,0.0,0.2754807692307692,0.0,0.2940705128205128,0.11733333333333335,0.11333333333333334,26,0.4108482588114407,0.43069715221789223,0.4043307572196361,0.4481335429972978,0.0,0.2754807692307692,0.2940705128205128,0.25846153846153846,0,0.0,0.0,0.0,0.0,default,default
20260820_174143_v1_opsd_instrdialogpp,baseline,opsd,26,task1427_country_region_in_world,25,0.03707593077793717,0.6261215329578479,0.00019999999999999998,3.38,jsd,0.5,default,0.9,0.29058641975308636,0.9,0.33132716049382716,0.12115384615384617,0.09358974358974362,27,0.43745228967005567,0.4576608416432861,0.43118553770394646,0.4655609840267702,0.0,0.29058641975308636,0.33132716049382716,0.28955223880597014,0,0.0,0.0,0.0,0.0,default,default
20260820_174143_v1_opsd_instrdialogpp,baseline,opsd,27,task1553_cnn_dailymail_summarization,25,0.03198748014867306,0.1945133107254415,0.00019999999999999998,63.74,jsd,0.5,default,0.0,0.2831845238095238,0.0,0.3224702380952381,0.11358024691358024,0.08703703703703705,28,0.4346880181290479,0.4504487550120215,0.42489847194486735,0.4573262565465678,0.0,0.2831845238095238,0.3224702380952381,0.28405797101449276,0,0.0,0.0,0.0,0.0,default,default
20260820_174143_v1_opsd_instrdialogpp,baseline,opsd,28,task1203_atomic_classification_xreact,25,0.1129575652629137,0.8860809549626946,0.00019999999999999998,3.24,jsd,0.5,default,0.5,0.23376436781609192,0.5,0.2579022988505747,0.1791666666666667,0.1678571428571429,29,0.38298391012418326,0.3951778988803732,0.3731512193074789,0.43484896042237126,0.0,0.23376436781609192,0.2579022988505747,0.23098591549295774,0,0.0,0.0,0.0,0.0,default,default
20260820_174143_v1_opsd_instrdialogpp,baseline,opsd,29,task967_ruletaker_incorrect_fact_generation_based_on_given_paragraph,25,0.04415975593030453,0.4570402820185866,0.00019999999999999998,8.46,jsd,0.5,default,0.1,0.2159722222222222,0.1,0.2426388888888889,0.18678160919540232,0.1724137931034483,30,0.3841250372251092,0.3918974474547346,0.3755020016181627,0.4369852863391312,0.0,0.2159722222222222,0.2426388888888889,0.2191780821917808,0,0.0,0.0,0.0,0.0,default,default
20260820_174143_v1_opsd_instrdialogpp,baseline,opsd,30,task598_cuad_answer_generation,25,0.024612087570130826,0.21403094436959935,0.00019999999999999998,58.08,jsd,0.5,default,0.0,0.22889784946236558,0.0,0.2579301075268817,0.1633333333333333,0.14611111111111114,31,0.3903288480335708,0.405315683764284,0.3811444672935618,0.43521309114205603,0.0,0.22889784946236558,0.2579301075268817,0.232,0,0.0,0.0,0.0,0.0,default,default
20260820_174143_v1_opsd_instrdialogpp,baseline,opsd,31,task636_extract_and_sort_unique_alphabets_in_a_list,25,0.027182480627670882,0.3930508528750714,0.00019999999999999998,29.12,jsd,0.5,default,0.0,0.194140625,0.0,0.22539062499999998,0.18655913978494618,0.16666666666666669,32,0.352181898429965,0.3863195398271295,0.34256044405204433,0.40313616856159556,0.0,0.194140625,0.22539062499999998,0.2051948051948052,0,0.0,0.0,0.0,0.0,default,default
20260820_174143_v1_opsd_instrdialogpp,baseline,opsd,32,task848_pubmedqa_classification,25,0.03473652699962258,0.430998591349324,0.00019999999999999998,2.12,jsd,0.5,default,0.6,0.20037878787878788,0.6,0.22765151515151516,0.1869791666666666,0.17083333333333334,33,0.3554500549994394,0.3734311305992273,0.3466515266550636,0.41986297730723837,0.0,0.20037878787878788,0.22765151515151516,0.20759493670886076,0,0.0,0.0,0.0,0.0,default,default
20260820_174143_v1_opsd_instrdialogpp,baseline,opsd,33,task1384_deal_or_no_dialog_classification,25,0.0498785113543272,0.5147087067935218,0.00019999999999999998,2.02,jsd,0.5,default,0.8,0.27046568627450984,0.8,0.29105392156862747,0.12727272727272732,0.11767676767676769,34,0.41442445908964337,0.426366059676186,0.4070634418613588,0.46618480819993574,0.0,0.27046568627450984,0.29105392156862747,0.2617283950617284,0,0.0,0.0,0.0,0.0,default,default
20260820_174143_v1_opsd_instrdialogpp,baseline,opsd,34,task1607_ethos_text_classification,25,0.021283295028260908,0.5546836500083786,0.00019999999999999998,3.44,jsd,0.5,default,0.6,0.24702380952380953,0.6,0.26988095238095233,0.1632352941176471,0.15098039215686274,35,0.3930690439210253,0.4045205253153725,0.38513427253035987,0.46286702309599065,0.0,0.24702380952380953,0.26988095238095233,0.2457831325301205,0,0.0,0.0,0.0,0.0,default,default
20260820_174143_v1_opsd_instrdialogpp,baseline,opsd,35,task576_curiosity_dialogs_answer_generation,25,0.016970460107550024,0.2780457805318833,0.00019999999999999998,34.46,jsd,0.5,default,0.5,0.21886574074074075,0.5,0.2466435185185185,0.19476190476190477,0.17714285714285716,36,0.3733457455140684,0.3922975442720833,0.36408226852989495,0.4381471834566169,0.0,0.21886574074074075,0.2466435185185185,0.22588235294117648,0,0.0,0.0,0.0,0.0,default,default
20260820_174143_v1_opsd_instrdialogpp,baseline,opsd,36,task565_circa_answer_generation,59,0.11168970338116258,0.6380033994148926,0.0002000000000000001,8.35897435897436,jsd,0.5,default,0.0,0.22916666666666666,0.0,0.2561936936936937,0.17268518518518516,0.15555555555555553,37,0.36851159635205677,0.3811279275319927,0.36200692755434793,0.43148177115501246,0.0,0.22916666666666666,0.2561936936936937,0.22466960352422907,0,0.0,0.0,0.0,0.0,default,default
20260820_174143_v1_opsd_instrdialogpp,baseline,opsd,37,task1603_smcalflow_sentence_generation,25,0.09272963963449002,0.4852840175683509,0.00019999999999999998,14.02,jsd,0.5,default,0.1,0.2231359649122807,0.3,0.2547149122807018,0.17072072072072073,0.15405405405405403,38,0.3590531419130255,0.370425229131665,0.35171869525393473,0.4234110543895788,0.0,0.2231359649122807,0.2547149122807018,0.22413793103448276,0,0.0,0.0,0.0,0.0,default,default
